안녕하세요/test/안녕하세요_00001,0
안녕하세요/test/안녕하세요_00002,0
안녕하세요/test/안녕하세요_00003,0
안녕하세요/test/안녕하세요_00004,0
안녕하세요/test/안녕하세요_00005,0
안녕하세요/train/안녕하세요_00001,0
안녕하세요/train/안녕하세요_00002,0
안녕하세요/train/안녕하세요_00003,0
안녕하세요/train/안녕하세요_00004,0
안녕하세요/train/안녕하세요_00005,0
안녕하세요/train/안녕하세요_00006,0
안녕하세요/train/안녕하세요_00007,0
안녕하세요/train/안녕하세요_00008,0
안녕하세요/train/안녕하세요_00009,0
안녕하세요/train/안녕하세요_00010,0
안녕하세요/train/안녕하세요_00011,0
안녕하세요/train/안녕하세요_00012,0
안녕하세요/train/안녕하세요_00013,0
안녕하세요/train/안녕하세요_00014,0
안녕하세요/train/안녕하세요_00015,0
안녕하세요/train/안녕하세요_00016,0
안녕하세요/train/안녕하세요_00017,0
안녕하세요/train/안녕하세요_00018,0
안녕하세요/train/안녕하세요_00019,0
안녕하세요/train/안녕하세요_00020,0
안녕하세요/train/안녕하세요_00021,0
안녕하세요/train/안녕하세요_00022,0
안녕하세요/train/안녕하세요_00023,0
안녕하세요/train/안녕하세요_00024,0
안녕하세요/train/안녕하세요_00025,0
안녕하세요/train/안녕하세요_00026,0
안녕하세요/train/안녕하세요_00027,0
안녕하세요/train/안녕하세요_00028,0
안녕하세요/train/안녕하세요_00029,0
안녕하세요/train/안녕하세요_00030,0
안녕하세요/train/안녕하세요_00031,0
안녕하세요/train/안녕하세요_00032,0
안녕하세요/train/안녕하세요_00033,0
안녕하세요/train/안녕하세요_00034,0
안녕하세요/train/안녕하세요_00035,0
안녕하세요/train/안녕하세요_00036,0
안녕하세요/train/안녕하세요_00037,0
안녕하세요/train/안녕하세요_00038,0
안녕하세요/train/안녕하세요_00039,0
안녕하세요/train/안녕하세요_00040,0
안녕하세요/train/안녕하세요_00041,0
안녕하세요/train/안녕하세요_00042,0
안녕하세요/train/안녕하세요_00043,0
안녕하세요/train/안녕하세요_00044,0
안녕하세요/train/안녕하세요_00045,0
안녕하세요/train/안녕하세요_00046,0
안녕하세요/train/안녕하세요_00047,0
안녕하세요/train/안녕하세요_00048,0
안녕하세요/train/안녕하세요_00049,0
안녕하세요/train/안녕하세요_00050,0
안녕하세요/val/안녕하세요_00001,0
안녕하세요/val/안녕하세요_00002,0
안녕하세요/val/안녕하세요_00003,0
안녕하세요/val/안녕하세요_00004,0
안녕하세요/val/안녕하세요_00005,0
